country_code,gdp_mean,gdp_std,gdp_min,gdp_max,trade_mean,trade_std,trade_min,trade_max,inv_mean,inv_std,inv_min,inv_max,school_mean,school_std,school_min,school_max,popg_mean,popg_std,popg_min,popg_max
ABW,27786.435834453685,1826.4482458359657,22718.2294445007,29959.7748189582,141.8077031420948,9.258111745350357,123.24050373078,160.558140997897,25.752108023340128,4.4337218968142125,19.643757329474,34.5191296544988,112.64286551201685,5.069126284688502,102.620727539062,119.795837402344,0.7813402457371083,0.8183210618800149,-0.82021108315363,2.59075665615847
AFG,438.0420122658047,79.28845699176796,377.665627080705,527.834554499306,57.002360178263665,13.954628479392085,46.7098945514103,72.8854696086536,13.733333333333334,2.6764404221527767,11.5,16.7,,,,,2.3151371217328536,0.8596845850035306,1.43570437048699,3.15360920291972
AGO,3200.7741100009375,437.9406707700766,2403.40415157242,3746.81619978931,76.54014566337847,19.514640163370927,44.9963253203189,108.680408742706,27.23634144519488,5.777776705944071,14.5062482098448,42.1126629947993,111.99692229005801,12.234065105155164,89.2266094661321,128.386344899029,3.5957026521428217,0.22601700175834882,3.14302612044601,3.8879459971363
ALB,3720.3680163022086,1108.0258561118453,1991.91435867116,5867.65096230557,72.5412033963237,6.392971502511229,59.5206994391875,84.6980435944865,31.77538416192868,4.4999184228918745,25.2875256073276,38.5753358181086,103.68659107865793,3.680399955266027,96.3712299304757,110.338920593262,-1.0324963744392288,0.5204563672184279,-1.54315667695786,-0.269017331764615
ARE,46893.20329227612,5442.60615988114,39878.4663896389,56629.9713117545,145.29727748940948,28.00954520000491,89.8645875613427,185.741660631894,23.21330968276105,2.9919966073196527,19.2704004545817,31.6335487626395,110.07234446406555,6.753299059169357,100.258071899414,122.869979858398,4.814223898774607,2.907370053393782,-0.474850154644905,11.5899798855336
ARG,12290.945084898116,1525.6229770327961,8861.56199282278,14040.6189124444,32.80540902034775,6.5321618049396735,21.8522554515453,41.7527243585642,16.949018648108044,2.0509604058536675,10.8539052402585,20.099113202908,113.97288977581518,3.669196048150242,106.759826660156,118.320129394531,0.9144907084690167,0.25578441978400956,0.210808731072658,1.13312807570195
ARM,3012.1533287343855,994.3946855099069,1229.21510436102,4791.00481712183,74.39439784678297,12.32651593816713,54.5423279613666,103.878629213508,27.81990539000671,9.315429597499337,17.4085294108567,47.9428358213473,99.28507966901033,7.681753625206501,90.6347198486328,117.701438903809,-0.2807935369627393,0.4969079052696094,-0.693856288987436,1.68478463633775
AUS,54188.56124844446,4408.951279298176,45979.0765654048,61200.4588964781,42.0509530536234,2.1867752388064625,36.9505159618289,46.0016827052171,25.75718408990956,1.8139381192871615,22.3449300806534,28.5401924147253,102.839164070461,2.257762796569845,99.1329879760742,105.802581787109,1.4100318252164687,0.3884614379950768,0.14089508329287,2.06083316277243
AUT,43082.2275025378,2451.3983404285727,38571.0858780001,47332.4240357971,100.30806303693974,9.305978454076373,85.8426077336549,123.579578652902,24.813499276012703,1.4302683230236035,22.8592812354211,29.2367940014427,101.5640837929464,0.8090596212055506,100.335113525391,102.810722351074,0.5364449087670754,0.25119062660347685,0.240394299500766,1.12099250236958
AZE,4293.66427114478,1501.0904451656327,1504.73106706035,5599.58524971025,87.16300162944205,14.318964339811867,69.4832251953347,121.507115894117,26.20094964482099,11.152720783203916,12.0037141895326,57.9904339874798,98.48519974033734,3.8684346119318467,93.7623031735616,106.601494422512,1.0407747612463722,0.4466637212485276,0.039507866238038,2.09985403259251
BEL,39991.870313388295,2242.144147396048,35878.3153586195,44516.002160801,154.69276690958594,14.3190940393753,132.715552833888,191.053418131592,23.712330741195423,1.5054180927127194,20.7474019774138,27.3616458676872,102.537163474343,0.6596870662795845,101.269889831543,103.77693939209,0.5779195081923336,0.23222043732030173,0.242517956221334,1.3010029017038
BEN,981.9262423375803,99.74285454808908,861.213292013209,1218.49668929091,50.22497811540249,8.123485825363236,39.0959311879142,65.2682749404551,18.999981565020718,5.402484362952501,12.0860448919113,31.1483716430973,105.8192371021617,12.649520426466184,77.2928009033203,121.990882873535,2.9365953384303984,0.16621940023586534,2.54740926342667,3.22061199704122
BFA,582.8551310007246,100.84583525668674,428.309796566198,745.472563435144,48.751606060038554,13.478538475119437,30.3682364077323,67.5202901331655,18.758062168427575,3.223093103446603,13.4516848777294,24.6529928973207,72.53944659254098,16.786669444247377,42.8175315856934,91.5019771306419,2.8916327730143663,0.24847974430652597,2.30907147387783,3.14680149143287
BGD,1073.784722999718,368.8250526394687,620.560472822105,1804.3493461776,35.630489750711156,7.0579113992539355,26.271447376215,48.1109227490467,27.823381123179978,2.7807947553082184,23.8085625731369,32.2137331126266,100.01783906873634,7.247615642665549,90.3782272338867,110.066619873047,1.0806667847884983,0.295151106695218,0.814977993693211,1.82732806740512
BGR,6573.528495523749,1656.4453866665008,3718.11895993863,9598.35828571579,111.50624081545402,19.8655810793319,75.269621415721,138.844872770267,23.426118278578592,4.88800530847707,18.9624308573589,36.9245307045696,102.15904825383967,5.505317816461926,95.6110992431641,111.75122833252,-1.039177867260782,0.49509424271474145,-2.17069878030004,-0.493896416633318
BHR,23821.837695764276,827.1661957650559,22206.9371985225,25407.9694054552,144.69522578807457,18.245713509931132,115.561486449616,184.58950884485,27.547734387253563,5.8835461112274805,15.7093968978237,37.2956671453326,98.8728023017942,3.434460825321283,95.1477508544922,107.464276011953,3.9053695169094396,3.16475355823494,-2.76659927564461,7.89230240298341
BHS,31354.161351918345,1884.2922128220412,24791.6704945106,33549.3360007274,76.01078188598542,8.77846256042998,53.4207580670063,88.3336891598687,27.304863736993774,3.000247345058818,23.0710591323143,33.5164375814502,97.42230728491516,7.844661083513347,80.5237121582031,110.135749348524,0.9485935187863069,0.3868264775013346,0.128749531818761,1.41342994265638
BIH,4186.383311167749,1101.6308569092184,2567.34137094619,6327.16206849174,87.44261206939741,7.8946263607508635,73.7474942255023,110.205283719751,26.365557498772002,3.6441781996305216,21.6685850406414,32.3119832270202,97.75010108947757,6.866373255066457,88.7070770263672,108.796783447266,-1.1030475831825293,0.7278237596693015,-1.93437927837206,0.710877055593974
BLR,5095.582883415864,1317.9468279316154,2615.36376799462,6457.73053706343,129.24593300270885,12.65728385048066,108.63564482836,157.974255073313,30.217934667895044,5.6389992384599195,21.5979064833979,40.6563662623236,101.79844510389941,6.324574051380799,95.4307149291864,117.492881774902,-0.36089256736154973,0.28992554934854015,-0.82823272086807,0.132853236725342
BLZ,5990.9780212905935,322.2984510314977,5006.48453276935,6465.82885846045,98.49428488097146,7.512033148387525,81.6431433128545,111.166652365429,17.73102871130363,3.1619067064897544,11.8723938779086,26.2033579229094,114.67451408613064,4.176478205037172,101.531373116389,120.602569580078,2.37818335201444,0.5944693222393443,1.1534704907648,3.26709202067925
BMU,107222.05057235857,4904.506904949103,98846.4458079644,118382.908990645,74.80629613517036,2.365504205575894,70.5898221728952,77.9770526954316,12.622219922205584,1.051749778278845,10.8931113391845,14.7485170334877,102.34907277425145,2.415701510015346,99.5652236938477,106.171371459961,0.14196347725274786,0.2257607748618315,-0.136600245767712,0.431459657274573
BOL,2590.729361746999,431.47971039125764,2013.84581094568,3207.38695231128,62.3541534416245,15.644777494639246,37.5164342446486,85.2644695625131,17.864336349189614,3.4182140938146666,11.0217031489009,24.3763407852814,105.36285116930576,9.08325887868704,95.0961939865757,119.13207244873,1.547779681782406,0.18945106040484785,1.01931284088344,1.71712723342906
BRA,8262.304076702087,854.183579790927,6817.784240857,9366.73932434359,27.27990832321863,4.227823290489042,22.1059756060333,38.8160659763397,18.423957899082957,2.3243929960063174,14.6255875978858,21.8262711166856,107.37912958318537,2.3018597401665617,103.929397583008,109.808906555176,0.883292767201585,0.2639915242937888,0.360180890872169,1.37521128317928
BRN,33417.714221337475,3524.7291492814384,28549.1756060465,38595.1688513702,97.94233537019382,17.945483625040662,81.0114146368958,147.123112375318,28.03071753904981,8.232917083514876,15.1721720330137,41.0665959296934,109.25315470839148,7.128270371561206,99.134912983916,122.321258544922,1.5418765241077945,0.388266770657778,0.804554269312164,2.17184750364769
BTN,2405.605637438154,747.1185645648751,1259.6237645235,3467.38598979356,87.48505982549868,12.96965842198887,70.2833172005966,108.157794891125,56.1892918120583,9.182857039893129,39.0705723424763,69.4487268866834,99.28202485366299,10.429888962260023,77.8631820678711,113.566772460938,1.273914043383064,0.5603285441794769,0.66444642692507,2.42228077592733
BWA,6004.885718212283,660.7746972326962,4971.96371794188,7159.5860618268,94.9242258343611,12.131116845376118,80.3250344865506,125.78303991122,29.06272044581772,4.6686099223951585,21.692781593681,39.1181150467037,108.38734409440843,3.436149191582633,101.616607294624,112.33056640625,1.7219156175741397,0.26219139246274525,1.41898108514606,2.13210606291764
CAF,429.4368742549575,54.74120374448464,349.821171688973,553.729578314912,41.690107731647196,7.9176058269637455,31.4942464896799,57.1435457117119,16.05770310431326,7.253033698443108,6.4047925068294,26.0,70.28549693180963,13.291791270413595,51.2870597839355,96.8125991821289,1.3591095055789975,1.0581967958430014,-0.799202484181735,2.74955419856204
CAN,42088.4001463435,2237.6870578631847,37906.89821012,45883.0058941892,66.87429623667057,5.771514084432904,58.4742801830543,82.7653578503214,22.994809476260606,1.641287998487201,19.6713949333135,25.0269800530907,98.54238433837892,1.4488861694906856,94.7344131469727,99.8602600097656,1.0773793527052,0.25020168130244774,0.553902422386893,1.84036295796994
CHE,82920.6308917206,5276.928259865995,74592.0284690955,93360.440112464,114.36583170044828,13.674841983229793,89.7492121342442,136.235871048363,27.394126558000735,1.2852640364062617,25.0557566926262,31.3016462281195,102.89574830428425,1.0599083388277655,101.363067626953,104.157531738281,0.895100460824349,0.22773341482515974,0.561954617400164,1.27061807385776
CHL,11782.369173375282,1912.6121420320649,8465.35303258864,14275.4094646211,65.89694912126583,7.107586075303417,56.0261586393213,80.676626653784,24.398584014306586,2.103512149517829,21.0773285826388,28.8969424277685,102.72620322487565,2.2685268003136714,99.3652267456055,106.873870849609,1.060940210987923,0.29644516431701845,0.441498091207504,1.78538584857741
CHN,6469.482514644976,3107.877331224272,2237.30047918692,11830.298767861,45.48977014155578,9.43464803105767,34.337778473884,63.5695798621627,41.90029822978866,3.397771057708104,33.6326827140045,46.2703012824496,101.75134638140463,4.909175027978114,96.340011477005,115.730102539062,0.5208778606104573,0.19228430215993791,-0.0130995013525784,0.787956592953992
CIV,1698.8974076567788,270.5008358801829,1420.1738958245,2227.08197820584,55.913114458947575,8.0288294846297,41.9426318190526,70.3010893191249,18.87817735605241,4.392764036422304,12.0234754844887,27.4853115364793,76.02692151604556,11.510045495053307,59.4631118774414,88.6266598469541,2.4714903416798033,0.25079120304600966,1.99427988380631,2.90076810314127
CMR,1331.6636449016821,99.50490940972114,1151.27689302947,1470.31785276187,45.42977818228766,5.749243349236444,33.7388313623871,56.9244171562734,18.683942370678245,0.7203968876897454,17.1923305666251,19.8180548448427,108.55132197296537,6.169071950167193,88.4889526367188,117.753568320161,2.7961803573968664,0.1274856365380855,2.62643255915311,3.13934346036401
COD,416.27634567711647,66.62166767203081,321.547848189305,513.512704372167,61.51085949074108,17.27513842679954,25.0419375138391,85.8221691879958,21.628625178212364,8.198986578118722,6.70414075173646,36.6858404848256,97.34712982177733,15.119242849822994,61.0335998535156,120.068450927734,3.2122368950502,0.18230344294931117,2.92124332432638,3.65684620577994
COG,2108.0836645037584,233.14511857171146,1686.00234391385,2488.68118548992,115.80007532939672,21.65264325447623,69.3066247188397,156.861777335368,38.106911934353285,16.628317883790075,20.9792068255243,76.7823246780685,101.14544350760319,8.023323681692439,83.168701171875,109.023651123047,2.991662619099237,0.6459072968296982,2.36249435317099,4.14243050486562
COL,5394.311781595095,928.2747096592084,4016.80951748167,6856.72590505374,37.1651503863132,3.2342881343187346,32.6670854693067,48.2826551123359,20.964521686910306,2.531786343006388,14.8956270290748,24.0033136584861,118.29536021839486,7.008066906377858,104.830467224121,128.164978027344,1.290027282278428,0.2827748876893835,0.864942376762699,1.83913784861099
COM,1290.8603319313365,71.29624146368444,1150.82871091807,1391.84570443267,38.38981154656792,3.7698243931107402,33.1561792127495,50.3887704882382,16.008874485657305,2.305355575711695,11.8017625319814,19.2488768740532,102.45483348164302,8.266130935202295,86.8175281418913,115.583466369179,2.0059753800412254,0.07185132651953903,1.89592485384757,2.17541496047092
CPV,3464.7095666191494,307.6590807841386,3056.97102851154,4115.90283469406,91.35085451920087,8.331444791882486,77.4550586265341,105.867524052105,33.817428994397034,8.45062812252418,21.8794313027596,47.271484248355,106.46352847146306,2.468134344071697,102.973013922324,110.927947998047,0.3590037985126182,0.39326669645421297,0.0132719182020122,1.10689150817132
CRI,10596.599483615264,1901.7206348261016,7726.51985617467,13931.8461614764,73.89570440549714,10.284778608931873,59.7463550719484,89.814554322106,19.34176673745026,1.9788645431570417,15.5304597737241,24.6107398761009,107.11751556396489,2.249686863861167,103.215171813965,110.964897155762,1.1932491577155095,0.37821135371818376,0.429453043658398,1.93953648052985
CUB,6488.300136503633,1359.4513757026834,4112.26168350671,8124.75282059108,38.11770025080944,17.53867516025077,15.6829868097474,93.8607755890525,11.209533241553693,3.593512107732169,7.6113275995244,23.8110260482963,101.8546057291987,1.290829951394891,100.29059454433,104.042320251465,-0.004875872537249304,0.24002191284431862,-0.562151275082133,0.332523063476085
CUW,20104.78918875982,976.4116529891936,18355.1767135889,21202.4305115575,153.59029556340928,14.668877000279148,134.911459782692,183.23646073841,33.57433411382979,4.65971581364617,25.7891289955871,41.0673551203898,175.821576412943,,175.821576412943,175.821576412943,1.2267397845922299,0.8129230493045949,-0.525178744011738,2.56811425717747
CYP,25557.989724864132,2333.800827868217,22373.56640625,31505.2109375,131.2580226425597,25.202216989602984,102.7910918992,205.753530252705,19.802769078033148,3.8138342585192313,12.5650583420074,28.6449330178426,99.91769964044747,1.6722326478915464,96.6496124267578,102.275482177734,1.5541442517488995,0.23124432857691934,1.06174678712373,1.83243139832695
CZE,16882.340445642683,2436.183983508574,12543.9364342367,20627.348651011,128.89112944191353,19.667657174483917,90.8792715456582,156.415122826886,28.005998555620167,2.6379379991621836,24.3768606031502,32.1072107272958,101.34710693359374,3.273156394063718,96.9097595214844,106.737777709961,0.16112552240296474,0.5834669009621152,-1.81187141002542,1.5709725672011
DEU,39786.43092525588,3341.1739339655487,35104.1308467844,44817.1316331389,72.73460397089984,8.287883059952824,58.3325687248129,88.7857542130501,20.634844844237957,1.5182942917516027,18.0064315128089,23.9639660790924,103.41161970658727,1.5206010172431623,100.218132019043,106.650672912598,0.05669419709574646,0.5032968293695976,-1.8537146287573,0.865702643950251
DJI,2491.948368829662,249.09513925145006,2140.13769442336,2781.94350113484,297.7771581298445,45.343902788734475,213.071998607921,347.720317058403,18.11003723113265,21.177874689677846,2.28145969959191,56.9079297902791,,,,,1.6902485825060767,0.11494819893933877,1.55766086478885,1.85261177020025
DNK,53164.40722859547,2951.035383861824,49266.9882757886,59312.8158043771,99.25223901128413,12.168624035263989,80.7613001763544,131.995824909071,21.66094645175352,1.9917420512172899,17.8221551141916,25.231367727118,100.42896416073752,0.8163999320957154,98.2105865478516,101.688171386719,0.4506763484888516,0.15839769918687394,0.258432282052875,0.787502464739957
DOM,5988.6222567624745,1479.7106828265166,4123.10573163115,8698.13592094395,59.926849708650884,10.555606953535182,44.7331613466756,84.4495031861592,25.019769484867048,3.0840939656948394,19.4091627404806,30.6705570734763,109.20679181656406,4.84672090075767,96.8704570451147,117.968330383301,1.2388545391507824,0.1744298431814371,0.959629735113671,1.62045560357101
DZA,4351.361043793425,351.1594526881567,3553.32420521991,4768.73140081027,57.45256460479486,7.813791765676945,40.3897565625388,71.0284922505261,39.20894211695828,7.766078872547489,23.5639069007647,51.779612559441,110.2033170613567,2.552757090677252,104.739764213022,113.807026512965,1.7405642606270313,0.26596000390400204,1.32961524189621,2.05624795728459
EAR,2858.894725193768,491.5096518641375,2146.24084688962,3676.37654127034,52.9251511215463,3.949151901129002,46.4833797570643,59.6070834629785,26.43040946733619,2.0859348472460715,21.783358458509,28.6959786591544,102.5006345665973,3.213577363132714,96.0902709960938,106.965682983398,1.4916540341267208,0.23663081519492496,1.0537443092784,1.87962415421671
ECU,5210.470067941664,747.8281784288827,3953.39879728357,6107.49495006543,57.74911981653459,9.410471311583018,40.5344917996647,74.5902963648439,20.58012651559639,2.7313768787228847,15.7730766736655,24.8833528938608,104.76144105759958,4.64214944259993,98.1163823787708,112.422248840332,1.5528285840688523,0.28166096135154545,0.774314023514489,1.76411317879339
EGY,3139.7077976083533,469.60724081268273,2458.60835003154,4029.78295458204,45.50961211603733,11.670890087306477,29.8569734808122,71.6806253489671,18.06474445962185,2.291789005674422,13.6431924882629,22.3897264098269,90.81099135733436,2.391119353541147,87.469737936967,97.0010583504222,1.973970917489685,0.22236930141737934,1.48609697540294,2.30526364315625
EMU,33381.92191320735,1949.3806547762774,30189.3008380116,37533.5524037551,79.11974487824338,8.660572000214973,65.8310575640424,100.761322940431,21.740924087892402,1.3695358735241865,19.4486448134093,23.9245787557053,102.84592437744139,0.8243897181426518,101.62654876709,104.270568847656,0.2741600109555014,0.17744169003644353,-0.196148367300727,0.529654764015132
ERI,792.1444486383106,68.57641409603777,693.398874212494,893.268735439193,53.36981262750036,18.108698730491604,27.9721416148149,76.5901636574451,18.941365024468755,8.1571588617203,9.26379597839317,35.2606217610795,92.07936159769696,11.897934514671547,73.636848449707,107.540420532227,2.5321459795636723,0.9485160349602237,1.45851723438561,4.13103377544635
ESP,26124.397098826747,1214.0555849066695,24106.8818529374,28301.4393949563,59.99153653798811,6.557645698087107,46.8366899971109,78.4657338703054,23.480136893455448,4.284427702082092,17.412338687976,30.5843124611931,103.14461274580518,1.3152240812633615,100.473442077637,105.450859069824,0.7314347310290544,0.715210558604306,-0.361668780017733,1.85108130845179
EST,16383.402329773495,3306.483316212775,10006.7696280939,21570.6658455268,143.01660382346515,16.264717355260437,116.759079859802,175.68711950524,29.322346584533335,4.99827010911973,21.0087753498274,40.0058943445447,100.29099343039769,3.0128082730966548,97.1191482543945,105.654472351074,-0.13145351082367263,0.47532194974330383,-0.63696312445507,1.33655151148286
ETH,645.5984842980043,123.42513933734189,455.909628648555,811.177729337321,34.705319996310934,8.266166527455374,24.0061143414049,48.232935411689,34.25982640005284,4.550479429045724,25.3422268262091,40.6712729848122,95.95234740058285,8.788421268045646,84.6317733971345,112.6701710274,2.7133999006634326,0.0585761516149672,2.62269500936104,2.84354457485296
FIN,43246.73281246327,2436.828180005097,37872.6020343504,46359.8732844055,76.6490312766421,6.182924487697744,68.0715029595159,94.5625340522667,23.81111770963639,1.452661336058575,21.4741244119185,27.2854002667819,99.61541921442205,0.2497130691679441,98.6190185546875,99.8175811767578,0.31695927514682354,0.12105877202685253,0.110191690491055,0.478246393482911
FJI,4605.450278428203,554.2957096248485,3960.88903458193,5720.21445752907,114.52445617581623,14.970101445939378,78.0763651830605,135.895641463483,21.213667442418057,3.1835784269773297,16.4454526616571,28.3288231659244,101.37912032780294,6.962276015063201,93.1077728271484,114.93183377296,0.4353022741510192,0.42944615874773107,-0.24900685817593,1.08577609197596
FRA,36024.37076812877,1589.2955177959655,33255.1379642335,38868.3303330557,60.27476412405026,5.4392621516204995,52.1991123027613,75.9630077981996,22.124778666912253,0.9548404873023196,20.6506168230936,24.0233523984125,102.31408968838781,1.301434892884988,99.8111801147461,104.636489868164,0.519741063936619,0.16055986239362655,0.263868788565368,0.751885116821619
FRO,50761.01632177833,5290.068938494339,42334.391628988,57784.7223702914,106.4149539442863,7.329866089480533,96.2241937518396,122.86334141193,24.363982500055542,4.635286792112042,16.2578237664095,32.3235087170667,,,,,0.7209398004147649,0.7480679694725714,-0.52049026956171,1.61701949833066
GAB,6883.512745484102,353.94577523610826,6264.83611480154,7596.09970650519,83.29134640547015,8.131163708286921,70.1140546463796,101.701928939637,24.21279659727216,4.432263480662354,16.0269404879625,35.1390486032907,125.6681119229492,14.477045777215817,100.171603677222,135.686462402344,2.9159040564803917,0.41770481172379037,2.24763901253797,3.57746904510728
GBR,43967.70798703814,2470.2935893115837,39297.1366317267,48410.095170282,57.89145707843366,5.291523975250958,50.0681187039704,69.1989264413981,18.19560293097761,0.9470250036269512,15.9866102776379,19.1749332518758,102.90281975787634,2.2441984214055024,100.012603759766,105.93807220459,0.6173887336718729,0.19488710708547533,0.167956370836665,0.977617841553254
GEO,3414.898331233093,1217.4534888591274,1561.19867638847,5736.30449578597,89.47152714359434,14.349832303986338,62.6613956413099,117.810080239714,26.368129462623717,4.4146108035327005,13.9858779050373,33.4545540138168,107.38351081962253,3.9999518465978006,100.779530049426,112.910789489746,-0.49188610221257517,0.52992367004239,-1.9446291567975,0.157481405176007
GHA,1509.3988682470078,367.7042435864399,1022.27520714566,2067.20895855521,79.48959968447026,16.51325658715737,60.7593219028775,116.048430162968,20.911254020313883,5.0199032963322745,12.8099929663177,29.0021406363098,93.94596404839541,9.508354388586353,75.4195938110352,103.213138177351,2.385745747117841,0.2540363605258171,1.92029034344132,2.75013769977312
GIN,748.4099512741847,122.35173379492424,614.137235083638,987.502501465337,73.41061431752686,25.525665114196578,34.5950959210535,115.765259518929,21.302431593182376,8.781017295528212,9.97077078957571,52.6698445118375,81.74143510706287,11.825398575342904,58.3812294006348,100.474517822266,2.308449297986597,0.33246314483573164,1.3098114321983,2.56690869267138
GMB,656.6030523616463,28.59896677764474,611.879472952196,710.686979216316,49.380314696106126,8.242608611754243,38.1140879565948,68.8587930342232,17.260267928397976,7.406498987044365,4.56249739677209,32.34205468872,79.84940595121893,9.728883702361335,69.3324279785156,97.2781723362608,2.703308658945157,0.21111416678314215,2.31992109797091,2.94591935774346
GNB,637.131245527813,52.39586723860972,571.094015178625,752.149255217249,46.87307052253714,5.116076811920544,38.0334709318917,56.9137475938811,20.216091385767882,3.0555982537002597,14.6862099976075,27.64774494114,103.50552113850908,17.192853843596613,75.5002975463867,119.655990600586,2.4077223866238255,0.18190671358242272,2.00706384351502,2.66229101877146
GNQ,9245.760727373921,2596.946846081921,5487.92479201992,13048.0703050168,108.37075983513081,19.583060655204342,76.9666485998527,144.668225001248,24.120435929328217,11.923758317895148,6.98846405853807,41.1481428957988,56.44873428344727,6.1613273241939615,47.5486488342285,68.3863525390625,3.862260637034331,0.7715449786601161,2.43551071649529,5.13840208613784
GRC,19939.00335704465,2123.4563423989207,17486.951333323,23973.6936091313,62.96862979271741,14.870733968458643,46.3779593986083,108.121843229922,18.486677068004234,5.92683061470846,11.8883016329317,26.6707144196319,98.85107567196799,1.8868709282260026,93.6346282958984,102.308349609375,-0.1328653811652326,0.5115153710257958,-1.25977874589147,0.51988446396193
GRL,43351.977048591034,4677.106478148918,32787.9680355213,49679.3365414895,93.63851326742021,11.743768081421933,82.6595028892583,130.547942353994,31.29119345524247,11.532831716883557,16.3169608103529,64.008714899286,,,,,0.0058275064871763,0.33848700305712265,-0.577265864735276,0.62773516895633
GTM,3664.5159409640387,366.6975827272422,3165.933886028,4383.90326160481,57.956010838893334,9.535979951507663,41.1407594007818,70.6690331769476,16.777999505893074,2.915353676611885,13.2666014648944,21.1896060622906,106.86292502369939,5.9467781506039445,98.8193283081055,118.536636352539,1.940255490541753,0.2904914526243738,1.3807587059317,2.37572059022903
GUY,3863.277043523307,59.28964838908884,3759.60789699989,3937.11435304522,197.88466323472633,5.995750949555007,189.162485631386,206.767370475214,23.8397668708599,4.34987412715645,20.8604990254453,32.3339782741868,98.36912727355967,2.478382179629468,96.3386611938477,101.88932800293,-0.07799076814308192,0.07952469290616193,-0.197461943777183,0.0456413500238234
HKG,37589.31355064513,6242.697392647054,26885.4053275596,45280.4971892076,360.2294342802112,56.455947212994516,240.848977626932,442.620019127299,22.00080300985343,2.783636996552768,15.2301843910226,27.58240928418,103.59147556672264,2.1065704646068855,100.331642150879,107.340572556762,0.4613719447096438,0.5456407747256558,-0.91177674914823,1.1039579972368
HND,2146.7585722470862,217.23532381873426,1789.18816032117,2482.22384904714,115.10839064020239,13.971810919341213,88.0008563836292,136.489768018486,25.61989831811069,3.87156972498847,19.666372727561,36.0659698365463,94.82910311153418,8.710221309011699,80.8933611486072,108.33374786377,2.1372096988051354,0.33574304487083606,1.66825063176954,2.73259067031821
HRV,12342.291170119264,1796.908665370394,8880.47789126428,16618.3333786183,86.59645412494571,12.229652921492582,69.7025315039058,125.410793782261,22.758821502019448,3.5874333872445363,18.0237101203367,29.5499946300075,99.28913189115971,1.0209728165877752,97.9028015136719,101.51358795166,-0.6840676022544465,0.8605570378701459,-3.8476707266781,0.128732789322745
HTI,1352.8945689602954,52.177764904235794,1256.72143592448,1437.35251928349,37.11974149439804,5.987254524877931,24.9396784759828,45.1385763027223,15.117447442807302,4.397307808559233,8.04811181920893,24.988217664925,183.989440244666,,183.989440244666,183.989440244666,1.4977548626943669,0.23776806423476352,1.12789828650149,1.84581482966936
HUN,12252.3157029281,2024.1777898573384,8979.73578602949,16487.7973935944,152.37586243299256,18.179154872092166,116.787088540862,184.969952581351,25.326371887491383,3.412925478375719,20.2865308170944,34.253984477795,100.98728596080429,1.5454347441710414,98.3147735595703,105.575531005859,-0.27725599594050454,0.10744946649900308,-0.516437606548041,-0.125143121699401
IDN,2847.780120485604,727.414428159887,1828.10265968361,4024.91225288391,50.194568284859464,10.354266909314548,32.9721754002427,71.4368759173731,29.692845572585625,4.699469187879135,21.4040702075173,35.0715936108893,107.95048361248443,4.526045102191674,98.7008730463611,115.201069565404,1.170826492886967,0.20618393481257707,0.704601321926319,1.43244007763682
IND,1339.9882907962644,431.5913357501286,756.704109533187,2098.21124476122,42.91917945157184,8.739793538410725,25.9932547534365,55.7937217287511,34.13065019339091,4.351042692615368,25.677316683955,41.9507982267334,105.37902517809587,5.663073739679647,96.9014892578125,113.827751159668,1.3780671458530942,0.3153324603576714,0.790200540609834,1.87939826197393
IRL,58305.699573212194,16141.217764443403,42599.4803921319,97793.5366671697,194.51799518991774,37.33770103350223,146.531474021275,258.780437026252,27.084721259124734,8.4526647089247,17.1044449032773,53.7020817171995,101.60871332341982,1.7818244646603634,96.4761428833008,103.378677368164,1.426490228548334,0.6690737401237831,0.4237438032978,2.89096000464164
IRN,4911.861616126891,438.72484770535857,3885.30183360649,5465.31447539413,46.34947795727767,4.851277620276435,39.42258866118,56.6153496142829,38.67508293644521,3.828635465369725,31.9824085202657,47.9209340647566,102.91481563023159,3.6654630549369394,97.7706298828125,111.42115020752,1.3621453213581585,0.3853897320565633,0.768757498195729,2.21304950909032
IRQ,4055.227638906014,619.923877379964,2250.06990123369,4932.9272911439,84.69579760889182,27.575933904913928,54.588320188677,154.234525288266,19.318363817711543,6.949621369159692,9.34171909242017,43.4222872253888,96.65382385253905,6.027685178278101,89.9259414672852,104.57022857666,2.708689182088687,1.1432259277293138,-0.789042539847969,4.7215668344982
ISL,51703.42513289528,4386.844332299806,43472.3369951306,57731.6523639512,83.0470794647226,11.410108059542676,67.4009987460124,102.433137099998,21.614894425738193,5.353805804267876,13.8337714379496,35.9714130790896,98.81847812818444,0.2430903802875614,98.4017105102539,99.3250427246094,1.3914628243243286,0.793177561231003,-0.143903000294037,2.67814276922904
ISR,34119.514523540696,4285.07761892998,28079.3253966943,42539.2748766689,65.10915164762525,8.082126194837294,51.1403984551453,78.9364099576763,23.779214778054403,1.5052695054904792,21.1775875014543,27.6477944169544,98.6920675797896,0.8470836444982904,97.2980575561523,100.082717895508,1.9345540441636515,0.23108021670636,1.68190551747412,2.64233191305756
ITA,32211.35961216327,1312.4568955155198,29469.7989238626,34159.9109244074,53.85586049842572,5.711250880635771,45.1414765721604,72.0165023032697,20.18969905143462,2.171854422742371,17.0062223799047,24.5977298322393,102.05269588123666,1.3689776039633312,99.8127670288086,103.984909057617,0.15733476029947752,0.3871553470603,-0.515599998844444,0.771291301351719
JOR,4213.554486962029,364.64541090909364,3725.49544709257,4681.17006766931,127.32902594656062,16.55773443277824,109.285478573786,146.908891279018,25.561782070645776,5.204540578498958,20.0956726523403,34.1478444026172,94.19808741978237,3.2604694597244457,87.2435302734375,96.6252517700195,3.220827527950629,1.8549374851667197,2.0568547225817,6.38870724302854
JPN,34328.757295299816,1851.2472342781477,31746.2430105713,37448.3504824849,29.91881400644205,6.472880212367617,19.2751936529389,44.86063102004,26.607176884093292,1.4640563001194045,23.5722339532159,29.6518295721637,101.4088813781738,0.47053369514468485,100.464469909668,101.936538696289,-0.0520182423081091,0.19005804306363108,-0.459952415807642,0.240952587521069
KAZ,8590.510374251418,2155.9178203395136,4269.33016782791,11058.3482413407,76.77624632364686,16.28071989810443,53.0497288072652,105.699692634521,26.99511918187741,3.4709179694254986,18.139048031664,35.5266994941709,98.43647605624322,2.081081906448677,94.6582153565871,101.440238952637,1.1281395773364498,0.40502136195024135,0.292205742065896,1.5579235201186
KEN,1395.4833609185414,181.02711250540315,1169.14433674051,1747.53198804428,47.489793793875826,10.121320991683644,30.3991387830411,64.4788661639796,19.686448953025284,2.209264969744849,15.1382158893462,24.9507189987733,100.23500960467176,8.019428454220195,77.5132254988803,111.422226680456,2.614683014441247,0.4748623792498976,1.90040858948898,3.14626442047843
KGZ,984.8769799802343,159.08194791768847,718.342832397662,1212.17812721768,110.79196083609277,22.688301591002798,73.7469123687968,146.106082230139,27.088798802632038,7.670700639772717,11.8300159529947,36.7567270785188,96.94546103460065,2.109709893948382,93.4230804443359,100.800957688671,1.5885302670361003,0.5150248689530113,0.9185254624642,2.24669257424341
KHM,1289.1980111268847,476.24122810483993,598.561915252147,2011.27433313262,123.1444120079277,11.526908007284623,102.2879490147,146.179846509715,26.635576847304744,4.019051985884881,20.2055208570396,34.5945264318735,114.48372337471888,10.847519715828824,99.6739108443274,129.551315307617,1.4704362388303869,0.08964102156075701,1.24368277407927,1.59016992993238
KIR,1590.3465543718376,219.8464261954209,1328.78776438805,1960.15475844976,95.4607609010809,10.298084759241714,74.450510015529,111.269790749303,21.840390087627743,7.198955128156142,14.1246580305412,37.7690573638693,105.2948115308659,2.4104206489542555,102.156527494347,109.117865085248,1.6812417228451357,0.29544401939310494,1.28285862528713,2.1311838506713
KOR,26984.004113188894,5464.340983644427,17763.1353417297,35809.0138105144,76.43398907749769,13.27292580573219,56.6688767960273,101.68061646213,31.804032322213807,1.3496038393348795,29.3122032932439,33.7038348910437,99.86946835725206,0.8996452793438037,98.6079330444336,101.344970703125,0.447690033870283,0.25824581225960574,-0.187486566698935,0.836180864297766
KWT,32367.734878963503,5041.926860763638,25541.5378987908,41137.969927672,92.28821641605003,6.358184723649499,81.2251941328732,102.785630655,18.32914950106844,4.9192884319609815,10.665237720716,29.9591125059994,98.55022341387193,8.8247303373989,81.3867938642424,109.952461242676,3.8344894249930492,1.9681202210972624,-0.951064116715736,6.31732211154715
LAO,1457.3271001730598,428.50580297636174,917.228038617529,2234.76098741846,79.59549442564075,12.197018697624378,60.572095882788,99.0597382933399,28.625488549770665,6.037227224467219,13.41565795568,34.0580868030095,112.58461246694412,5.354904057542774,103.310859680176,119.705680847168,1.5142576008774276,0.08393080299703241,1.37876842701215,1.67898547843134
LBN,7381.1552019452665,1072.4626246375299,5909.03651555028,8955.54336184707,78.93382954847664,19.350974852254087,50.1152959262106,114.888278265666,20.55267156512886,7.136466952105621,1.22517144706489,27.9963212002476,82.70428674476959,4.953295831881932,74.7292217654682,89.1887664794922,1.304700437588818,3.1574467441788516,-3.21837128976045,9.99230472656041
LBY,10146.463010695823,2441.381191986124,6102.79864032512,13712.9602583972,85.14511605020844,32.59025097171991,41.1101760615135,164.284069967105,15.72784381570371,5.238815886885518,8.44242069649716,26.2237211424,108.28394444783532,3.5216230277734524,102.512176513672,112.976516723633,1.4141754487962854,1.2715063579168853,-2.61743182302169,2.12409959672873
LKA,3169.2139381067223,1060.2824410140374,1896.48251385291,4493.03574617534,60.63581260962175,16.153677629949097,37.0891188568192,88.636441704913,29.713847792913075,5.6890046685620375,22.0040128023487,39.7266305229837,95.74734065733414,2.7742602735626414,92.1975326538086,102.919822692871,0.8703989201603851,0.39795945228268403,0.112772639779474,1.82192893868799
LSO,1031.4464098336628,72.27126804531457,927.26863327342,1147.58748801671,144.6780816491943,10.96045539801951,126.292475360578,165.048948833372,28.39581924499304,3.9840991471731484,21.4472792170962,35.7205960501896,105.89300585926681,13.588795887540325,83.6343022439557,124.028053283691,1.0097332244295147,0.24263315910070726,0.420949997112671,1.24492806980041
LTE,6948.894532525772,2382.4176044628143,3466.77132065183,10941.9407766362,57.627450863453,5.433253583194444,51.3902275348393,68.1111135313676,32.316777007420725,3.3834335883457083,25.3440301805531,36.281882241735,104.40096979555878,4.4880446382088435,99.789421081543,113.741676330566,0.5927674835836014,0.16628866610515095,0.158139633101719,0.783673440817429
LTU,12549.226263463259,3751.150066442014,6384.30865426374,18873.8427527274,129.89987635987308,24.168933521222694,83.1914942748116,176.631817072239,21.862913631519543,4.140531624969291,12.9798453346191,32.4396749969277,102.12126818570226,1.175101861335271,99.499267578125,103.970291137695,-0.9513415075150916,0.661581105859779,-2.25846389882827,0.824789131191284
LUX,104395.67592477596,5139.977580189478,92533.1393756479,112422.146493735,317.76300733645655,48.087898830766115,244.977946060528,412.177169924175,19.261983105979233,1.69502504933614,16.1829007965354,22.5591343548168,98.45168776739212,1.0681237166707602,96.2988433837891,99.8659591674805,1.8123721747959733,0.4236296086471755,1.04766081596443,2.43097641776115
LVA,11879.72529065402,2935.8318760236157,6336.38296707987,16421.3748596,114.14467473510084,20.49292441984894,83.6121321100556,159.892778190649,27.999945751907223,6.433963136004986,20.9313394628785,43.6658757384645,101.85481990467423,2.237702968791284,99.1985473632812,105.490577697754,-1.045876033757862,0.38705273608452945,-2.08130508988111,-0.271369577775699
MAC,60414.083736012304,21688.644328765888,31772.6302531656,99054.4980289716,132.0375929948428,17.876398729687036,112.890232741859,171.31597082054,19.568116259882377,7.508919806698642,9.24118159384526,36.5478705097145,100.15107826198181,5.264580223389265,84.9676674364896,106.838760375977,2.001712884068742,1.8755632396319866,-1.05978494919527,5.22537622408586
MAR,2781.637801460601,447.61693696571126,1957.14135742188,3364.73950195313,69.05648287197253,11.180477467359896,52.3318582669923,100.906310201651,29.858180538316397,2.9862274993280984,23.8068463049384,35.5127958030057,106.58985057177506,4.581093017846123,93.7790679931641,116.554648725847,1.2460760913131395,0.12924250971133228,1.00691847923959,1.40392630100829
MDA,2456.198431916331,701.4451612056051,1346.91567176561,3688.16729442144,109.35860894100011,22.14472688480669,79.265722119158,143.023568469138,26.130844164529538,4.761964782199483,21.6601824678981,39.227918692985,101.90041568593205,5.8352942376216825,93.5407792138963,107.431409833521,-0.641424094914079,0.7382707540904742,-2.62110760462091,-0.0131095435392298
MDG,450.05568996774264,18.582255410583947,406.70122213637,490.963935389518,57.3647860282136,9.760007572313514,34.030602917475,74.357353960806,20.184065168067903,6.9611989402574,10.9702431408945,38.7460962157139,127.58348970526636,14.067697732751853,95.8474273681641,140.266357421875,2.7958573996356573,0.19342417405445533,2.48207836172625,3.17297260783499
MDV,9934.777884500269,1152.6779490266658,7295.60220956454,11194.9253748064,143.86900807018588,14.791185814906669,114.361902904327,165.97925116043,36.46343334394331,7.806469127561098,25.1856622862565,48.970177770723,97.2392542542345,0.9527941793967974,96.0147426502285,99.0061090225564,3.0006046904692365,0.6036405618077582,1.528878337276,3.47818441091268
MEX,9697.64671049192,347.27220516679563,9074.11881448129,10296.8690940459,63.29555904272032,12.957644703246707,44.7401090123173,88.7984855897261,22.59392074079938,1.307877316788738,20.2366593532112,24.3777390631793,107.9195908256199,2.5521306335056564,102.004783630371,111.073516845703,1.2213290511321429,0.26697381219166083,0.66740537533078,1.54272528221216
MHL,3945.352735207911,823.8935577675002,3146.26177205458,5591.46393193103,131.6619163479205,16.96627315827331,107.825971877585,161.91974248927,25.059649760732437,9.771613038368663,12.9106253458771,53.1513954486904,106.468655790708,3.2280625591273187,101.758949279785,111.781011781012,-1.3340768277983894,1.3480106068981175,-3.18559640580083,0.293918803877236
MKD,4642.560018074111,994.0744890969569,3169.32514368931,6250.62720952063,107.21520235936148,25.31837166630205,71.0693204909674,166.147357379878,26.82713987424936,5.486462296527964,17.3554734085335,36.0166355424196,96.0925020490374,2.8836655548627226,91.8012084960938,101.575706481934,-0.4192635192469094,0.3699883181121798,-1.07910572041332,0.455448702114895
MLI,818.6632657780925,51.58033269333638,682.497420451512,909.751069706998,49.9591961019692,5.02403974442279,40.5413815808137,61.5613274861987,22.131912886439828,3.139090385070339,16.462314211956,27.3161677115008,70.26189361492949,7.152297963914226,52.9354515075684,78.6656430079497,3.1316910639769757,0.12591787953748446,2.91308874187569,3.28796078422057
MLT,22694.69033325885,4973.21656192048,16920.7229743513,31447.3917315418,192.95780996334562,28.01216498420733,154.574162373723,244.581535518883,21.413727141926188,3.008964630090374,15.9078608339013,27.3213661672154,101.21124059503728,2.4837200398481953,97.4764785766602,105.503288269043,1.3698160250804805,1.1004947470171644,0.348755082369901,4.05171762437788
MNE,5953.499745857928,1000.3380985611487,4391.36753581801,7773.59958791074,105.17278799337768,12.72645879622328,77.5983890107329,132.48054069386,24.284914080551,6.326725852585577,15.4139251772035,40.8364739584696,106.1682968139649,6.192322845629015,98.0292282104492,120.292976379395,0.13073545468077902,0.16201063780592745,-0.245597310506825,0.402363248322291
MNG,3010.5089705163123,977.9545629150364,1598.31282040605,4337.8167085432,115.88197887341735,10.835025197085077,89.653663477814,136.327929944516,35.99433189026316,10.105676361526474,22.3835976647751,58.1507247959228,101.7254676426446,8.636650817244945,92.024228960725,121.840103149414,1.636269970907565,0.34184742722268524,1.10986290557005,2.18707605433318
MOZ,496.84512500942725,110.88791554307025,287.390630344484,621.153734194787,88.45674371990823,24.52442502797499,47.9208808015891,135.274535098995,36.51640388867094,10.853391232916243,19.7560524022268,56.3958108944659,107.32390547140349,13.661467430132758,73.2299194335938,119.162225223393,2.654451764341083,0.30618251549101333,2.20366517231952,2.98845927899068
MRT,1483.3513982130617,113.70131246372085,1255.23785465583,1641.14052210995,83.7365746485088,15.08875759488304,55.3180243332438,110.788122743421,34.105011842938524,11.941724797603085,9.54379992177407,49.1668225188386,90.58345666729154,5.350467504477113,80.3173294067383,97.8571652188966,2.8322539172265286,0.3171259880480437,2.2112923085405,3.26413503920642
MUS,8328.779001721041,1755.3421424766211,5724.49584395791,11111.3423669526,122.68054641044309,10.685083093691658,102.458365840232,147.663795034012,21.68698500114769,3.056141469429783,17.0515093773708,26.7282315985642,99.59697394289383,2.6138974644853996,95.0063902545739,103.124137878418,0.3113771478186388,0.30984625759428597,-0.301401216835277,0.982676166064297
MWI,559.7070971029713,9.694995975697228,544.795729220349,569.968967322435,43.71987821369143,1.4659152075459156,41.0323429397328,45.3003137160008,18.839049091033633,2.6136248460110334,15.9327969038503,21.9119103002645,134.21632282294183,5.858858318499711,126.587758962955,139.274520404398,2.6379507125081836,0.05100260338234376,2.567947782963,2.70808949087835
MYS,8602.631311994788,1558.3007349742006,6334.92795651698,11191.6511756943,163.02970860134096,33.16606725927597,116.788182437638,220.406788982074,23.486104422065964,2.1623851609990754,17.8356949570531,26.8674891484592,96.18609958931881,2.5053310234883845,89.7872630978958,98.9066848845224,1.8954951576855466,0.37963449003180505,1.15251304394292,2.41855547054066
NAM,3989.6540787291697,523.8511926444328,3055.40444831936,4774.10650865775,94.34345117236698,12.47888259407686,76.9252424036465,123.762844292976,21.9394465026919,5.3380958552001365,13.9292034235476,34.7765509650404,118.57727619478696,5.005331914582723,110.676361083984,125.87493234498,2.115516130237094,0.6389945982518555,1.25364169808749,2.95314556354467
NCL,30858.7237060533,,30858.7237060533,30858.7237060533,60.0467960954308,,60.0467960954308,60.0467960954308,34.7225325646771,,34.7225325646771,34.7225325646771,,,,,0.688885628400534,,0.688885628400534,0.688885628400534
NER,457.417208954457,51.32967204149506,392.898616941042,565.873385794358,39.885810552641836,5.8321925337453395,30.8343857497549,51.9459863027627,25.74700702273066,7.852786184076998,12.4971525069023,34.4846899381682,57.18233388329647,13.103828851877397,32.1440010070801,74.3787719289761,3.577239508361578,0.1613366250722937,3.25170642220024,3.77324639644684
NIC,1823.020314605589,253.36208745189944,1458.37490084556,2209.63273423213,90.1859066223447,18.553578768715123,57.9801315472268,115.454670931919,26.56460855833229,4.434324980425654,17.831076630152,33.6019904976752,116.23384323120119,6.483793988661679,103.338760375977,123.00740814209,1.3324928315973175,0.0839184039002687,1.1785630920639,1.43621553103677
NLD,45152.75697299052,3005.4331098171037,40665.3000211594,51777.5314828276,140.38848458838575,20.21826967336559,111.30450319576,184.107484252682,20.84527991665424,1.4639714122918757,17.7066341303839,23.2286138653607,106.37279777526855,1.393676039973261,104.215446472168,108.201370239258,0.4906322063238115,0.1862672866875938,0.160613668857538,0.953278922854537
NOR,75608.97843964705,4059.6672329774474,67611.3411021859,83756.7383805061,69.31259419201442,3.521410102170382,63.3673184179043,79.9216011363033,23.84939188443751,2.8356439563852422,18.5016607815225,29.022434267812,99.35941384055396,0.2518219844581033,98.8857498168945,99.7100524902344,0.8754124476371615,0.286477000952524,0.506046910557235,1.31344098868985
NPL,779.8810615261369,189.43100490728915,547.221082273632,1113.55462341223,45.5119335838072,4.523865147007373,36.2967588899367,55.7999210803706,30.138591213779655,5.866037786019837,20.2462111730944,41.3787409098363,129.65394477293924,14.466927777163315,106.702140808105,151.550483561125,0.906129328432615,0.5536006592649008,0.199389989212823,1.92583106605859
NZL,36812.4413924495,3127.639896555734,30839.2953866092,42716.0866783034,57.0978304562165,5.442137139566399,43.8262466218168,68.5169268768932,23.264300455936542,1.6593201201114463,19.926477761063,26.4295090374982,98.83895840852156,0.7779961043844851,96.5572509765625,99.9528884887695,1.2236971355641584,0.6445896087058207,-0.0570512394609476,2.24603210015584
OMN,19717.719463195543,1416.9240815069863,17743.8858800477,22819.1977324647,92.59403058216333,8.161863212764198,81.4132822358275,112.543521763774,30.842079224071203,4.8214176822970805,22.5837734261812,42.0046274389994,97.98391701660917,6.217276160221934,89.1980294207256,111.140314266055,3.225003093239981,3.6001088634917093,-1.50860829621662,14.2253989455262
PAK,1318.0500551406865,181.9761387414045,1049.54229686852,1642.28066974826,28.487774999499404,3.7647236521539345,21.4599638884654,34.3489608135242,15.961076877217248,1.0854864763359888,14.5346921503021,18.2822141634905,71.4969858236968,5.158265453803851,62.63623046875,80.3165790075685,2.0936665611428813,0.4929712134719978,1.30216393815952,2.82475983542412
PAN,11358.460766101012,3230.748239616444,6787.86267897348,15956.0671087873,119.67899964811612,29.200455401576836,68.700423510603,164.58628613577,34.18888640754973,7.408779846308591,21.2012571382655,43.5746774849074,103.03360870948057,5.487868445449989,93.3286426450155,109.872016906738,1.7363373934561404,0.20378218516514887,1.20723809203153,1.96400557919623
PER,5167.1833428952195,1248.4100932847143,3261.6642505136,6671.28902042137,47.57725486251328,7.016148124749601,35.0644014310212,58.4337673899053,21.308331970757916,2.8580957723444858,16.8556825410753,26.178345935433,110.53734986678418,4.99397517114286,102.787979125977,116.377288818359,1.0676861405947526,0.34143653644421884,0.617089075143821,1.81253577188754
PHL,2577.894517646185,604.0739250881203,1793.34761146436,3577.70136573244,70.33554526545255,10.960578802496315,55.8247812320298,87.5746443636636,20.569435944050767,3.2475156992045706,15.684364157955,27.1505820415621,99.51311215752655,4.876614447678711,88.8345145801337,104.629987793486,1.662370147982988,0.4196673244711449,0.760479216015364,2.37926588939747
PLW,14354.016427386778,1070.4583320408185,12889.6216058288,16179.3959628749,121.8398630958499,16.009897852320595,79.5791429216543,145.793812924789,33.03233297271484,6.210588249368731,24.5409409522502,44.2218552162716,107.59379626029155,7.139656674292981,92.0141342756184,116.396903589022,-0.6099949957187988,0.8189389463428633,-1.74654999032287,0.378927580628865
PNG,1883.860658433156,70.4830789231383,1821.84741071002,1989.57882204274,121.29065906536201,6.212497551802701,115.421837958873,131.082911016249,21.19173253753042,1.28639267303756,19.9214691833082,22.9518867289324,60.4506042480469,5.092515277347204,56.0239791870117,68.3852920532227,3.360376586925694,0.06666425619454745,3.27757216652727,3.44925161413658
POL,11401.9008508867,2962.235327846372,7401.57697647848,17303.64494323,85.69906242978168,16.782382695115245,57.8785312712895,123.021332860345,21.126131938402793,1.8303829725386687,18.5444793558839,25.4186459060222,98.03730888366701,4.129270993060256,82.211540222168,100.680816650391,-0.21184264152244084,0.4182259705139276,-1.4341408496549,0.067763227021235
PRI,28811.42280251938,864.9969516242683,26131.9630643584,30375.7895758237,108.54374154345517,6.229210434538846,96.7453625315476,118.84015748242,12.570679718697283,3.342398277565591,7.79415247642478,19.7145610014619,96.94786326090495,2.595478313126105,92.7918167114258,100.338363647461,-0.7199785263550152,0.887150736515434,-3.58604464903081,0.364032148393714
PRT,19681.853216677886,920.7806429430357,18597.7214623964,22042.8680283647,74.40477365303418,10.39630882681476,61.1389474883653,101.364146479435,20.767764361140397,3.9827173917361685,14.6835299275763,28.7766387963597,109.95023831454195,4.343301632658503,104.209732055664,119.482360839844,0.09116298008646125,0.39660635163629754,-0.548815210952228,0.705230637323876
PRY,5184.50435648869,895.1917507337979,3916.4402230868,6354.2392005297,74.98608506769011,5.9852824549105215,62.7602174748561,85.0219636540457,21.41048907325952,2.355069507155427,17.3392448147808,27.7603530415666,110.3754600044709,10.142473031190605,90.8342908567893,121.569923400879,1.308812220873258,0.23021880271976156,0.969992282647573,1.93460053752763
PSE,2873.1275513615888,476.95440707229164,1836.98042481351,3483.09903532972,74.85850716899081,7.749409021452326,65.4225141833383,91.9992434272745,24.152764517015616,3.9006929380287594,16.6617498502606,31.5026891691395,94.47105674558624,2.3431123296341494,90.8438262939453,97.6895980834961,2.4841485899891373,0.15577937027238783,1.98868634871278,2.75135880229092
PYF,20143.26607846441,1033.5504751297067,18928.1858620128,21661.4244664054,56.86633328631039,5.233007332762439,45.8331834386023,69.5264023221442,21.468242153837462,2.656971069453073,18.1944154581742,27.4598586301122,,,,,0.5128540274632746,0.4727874024345312,-0.279503231980126,1.49587093988006
QAT,65780.47131906492,8029.57364334029,54316.5419511925,83533.4963791019,93.22605194398776,5.739934506120391,80.1441629727012,105.746343435217,36.01186841245419,7.378725641533113,20.1512854623643,49.4866575042678,99.01933822776746,4.4627389967040685,89.5694061041452,107.083429224986,6.380562281768045,6.621744768772543,-10.9274424335586,21.700342942038
ROU,8203.961263291281,2194.166645730188,4569.31124324524,12076.3033811896,71.94362304235398,13.811344125495896,48.5213253850786,93.9496509383447,25.41974307015841,2.9531769698874553,19.6695811091698,33.0936844355478,96.63404197692876,6.660027622483849,84.8812789916992,105.790283203125,-0.7186235064479973,0.43974118402935947,-1.83065499370162,-0.129440039806255
RUS,8496.090480638586,1510.8458281897338,5323.66650390625,10231.318359375,51.82802079882741,6.041435529729932,42.7663082313349,68.0939070373555,22.279804010622986,1.7689400652965597,18.6937601947688,25.5012197086864,102.25174306517671,8.895959621826968,95.3222122192383,126.574638366699,-0.08884898345770796,0.28193257251421816,-0.460024258081391,0.299667432459938
RWA,613.7956646078346,182.10930812792935,331.096659537835,935.89483254264,42.07539324096987,8.512182517927585,31.3172752974708,60.9591709408266,26.87248003022881,8.227208525532273,15.223529173052,42.5281950333956,140.34906134034156,12.540855387307184,118.315727233887,156.6142578125,2.2437099067380606,0.518012387455351,0.806991709703052,2.66683575241351
SAU,22639.891053442658,1599.2348494922437,20025.4319998275,26706.917926066,71.8067439549271,14.073260833359933,47.533159225048,96.1026308742185,24.99862166096567,4.0649197042926035,19.3169649955465,32.4339384933454,111.61047537039725,11.588441397028612,99.3784710993113,129.348001204547,3.183304040084078,2.5258796332770515,-2.5537682578428,5.41149124124804
SDN,1234.4411249575426,116.05918245032638,973.225280761719,1388.21813964844,24.098089641099488,9.634357057221044,2.69883443585856,36.7410978273835,16.752094270891735,6.872274826545235,2.17826429341476,24.8880308630392,64.90805113943,5.5642546463377025,54.9207382202148,72.3981094360352,2.604132697909854,0.3888061051704335,2.0304098222439,3.48828675547566
SEN,1194.8269162928516,121.93371579164929,1042.25509944289,1433.19918752288,58.05939227114004,6.8893575921253145,48.680089723263,79.3974220189679,26.825902491472576,6.132487041176017,20.0869466642817,44.9151866064373,81.17030766473154,5.368196017988977,68.4906311035156,86.5724487304688,2.5891009606302307,0.26663902451763394,2.32279384441662,3.16757470346908
SGP,49933.668140245216,10433.241535063264,33597.8690808226,68271.0897525302,361.18788721447464,36.65444270411928,301.338866227561,437.326714891057,25.751699597420632,3.7648448178704124,17.2245248736318,35.1740359977879,100.33474238446196,0.4538272221726597,99.5780376637324,100.773205741627,1.5366713624532153,1.9247791076341874,-4.17033630017526,5.32151708302623
SLB,1900.9420494755045,195.46294638929098,1504.84671895171,2136.72116177034,77.30834031850321,17.791191816819374,45.1100685673042,107.24751599476,14.49868794938721,4.6774904861236895,5.94570985166908,22.6955770076321,103.06496482789235,9.616495492268292,80.1520233154297,114.760983533349,2.590053606276674,0.7896900838112976,1.71153079844048,3.67971542315203
SLE,927.5377951522008,124.40230907679295,642.036645844304,1146.81973456475,39.312961416636504,10.736760662637876,21.2566155636984,57.5299628959222,16.269850173935545,9.373776669340053,1.09681037230364,46.5454157294241,121.95601302676528,28.464267143981452,63.2500801086426,163.173554667055,2.828934676726838,1.0367077196279948,2.19611425557566,5.90551884410875
SLV,3556.403998627858,422.14068511191306,2964.89346881406,4355.96037108555,74.23705451602595,6.019133948734295,65.8907385362251,88.7011372097555,18.205598798583235,2.3332599785944246,14.0546154274436,24.4716130568737,106.48819931569179,9.743181678819004,89.0818774059816,121.694122314453,0.2613707091759317,0.14706423863902574,-0.0542809466140504,0.497012728838862
SMR,44381.63919138899,3279.3329468108245,40506.8341853183,51277.3242468583,323.740321552457,22.287377108630093,304.903169667588,370.43607698812,19.365025929552388,4.010625807224846,12.0862064854973,24.0244755743653,94.33233080284893,0.6019303663536291,93.5735735735736,95.1260504201681,0.4141321392401668,1.3652575728072702,-1.50099888558244,2.16366806498297
SOM,452.11042451427056,42.816616589486124,369.617204753489,506.501098879426,78.43678949328958,7.074422329755368,68.6756490932841,90.7576203077526,15.7415735653348,3.065460335842617,12.8456368959279,23.6499068901304,,,,,3.3249427537198373,0.8436158466105548,0.905528519522503,3.88144974373944
SRB,5608.645844262634,1114.0098639762664,3542.35365914848,7862.95387364846,81.53485471103978,23.785047311473388,21.109043880746,131.913292283516,20.193840192789775,4.251182986699286,9.06363107933195,26.3842034681714,100.348998360012,2.054030430530278,95.8957595825195,103.58666229248,-0.5369047134085811,0.4716480880511286,-2.5170575672922,-0.0453495280597072
SSD,1682.8620282024176,599.03510739442,1069.19619080938,2295.07026096006,78.6111618130567,17.584795657682886,50.8112465907463,97.2662973183488,9.923480314589998,2.936424975163155,5.75075637151052,13.7699875260258,80.3634567260742,14.206700549552183,70.3178024291992,90.4091110229492,3.509124940516278,2.4317772689427506,-1.14143555707987,5.41366403885379
STP,1318.3253832023233,87.91990083960123,1214.14114724792,1430.84119299096,81.35660280477899,18.694221629857005,48.6640079711896,114.769955102294,15.81602791871732,4.744785962301785,8.2925116011365,25.7158326122362,113.8943344116212,6.1869625339098135,106.902000427246,122.417999267578,1.9190098314664454,0.2670250061405548,1.51332392108067,2.38327636004872
SUR,8101.265354022806,380.0430269649528,7599.35696921481,8603.90786745855,97.51881759860814,8.45736442235583,87.9206617785298,109.166838523407,43.40937527917076,5.406627970149355,36.2044525973484,50.1880052641474,102.31600238152313,2.309869555245823,98.4763565063477,104.568260192871,1.14542968378912,0.03386241494732503,1.0885764053437,1.17005849053812
SVK,14447.048939703962,3175.6586263878066,8997.21199594319,18964.8298400624,162.21372478176633,25.562474199492762,108.939262958746,204.056318531151,25.670453431936725,3.323613194425308,20.2268098788151,31.4531074581958,100.79755887118253,2.4223718416402225,97.0244369506836,104.609687805176,0.028696039351053214,0.12811496993606938,-0.284860959688394,0.170183855326072
SVN,20622.728488536974,2472.513068208515,16146.1216848394,25275.715967757,136.8251776212591,22.33459989627228,103.280027127626,186.647076274632,24.231875860756936,4.6233271503816535,18.8479088939625,33.2981260591771,99.56409835815425,3.082183794917506,96.4375076293945,110.09203338623,0.27407742554487097,0.23239925220850752,0.0602967792572922,0.903875535210913
SWE,48592.67479622604,3753.1957962294814,41561.7747635857,54304.1877501033,85.73029762515559,6.580685009009774,75.3282174864238,107.111751826512,23.167669441415143,1.6553151111907984,20.4603001983975,26.9218066455024,109.83667165582825,9.754995454360724,97.7859420776367,123.754661560059,0.7340173384927751,0.31954244683673066,0.160575484575313,1.34744505956262
SWZ,3557.9417256272764,146.9000582292785,3332.11983927912,3759.67106964666,87.99747628227847,2.843017125686919,84.0140188426878,92.5715871298334,18.12906786261864,2.1319971791009853,15.2902282173586,22.0925604538439,122.98817131711462,2.3879202602003566,117.195740765085,124.645792886943,0.8119090166200362,0.2381791475699894,0.54369252057836,1.15567266949473
SYC,14049.359226255412,2713.384548556686,10412.0868936027,19481.6461053742,184.9955085541071,21.555740414919484,149.54093675029,222.178254853141,26.716344271793044,7.530905840380953,10.9629831806923,40.395100282651,116.54094627526167,8.5437250921438,97.7654776547765,132.235879426397,0.957199883149439,1.276283295752062,-2.62865635521684,3.05738532610948
TCD,867.1322866060937,139.47765816149803,530.600331266396,1016.42152061942,61.77565105360764,21.25131819225398,40.6428170621932,126.350807849912,25.451285812735755,10.90375987363465,17.7039292404167,60.1561730301281,79.24370683990718,10.339703208600968,61.5406112670898,98.3155212402344,3.5150140378517385,0.29809312207343097,3.13868697646131,4.4546309402426
TGO,771.4654584964152,94.79279852298819,650.046681355874,970.535975822983,62.106642304885305,8.570642512111991,48.8080041114183,82.1477877564195,22.40457817780369,5.675873137919917,14.4916428488121,35.5641648807502,117.23456348317191,6.072492284283925,107.236228942871,126.10501578594,2.3814457295727993,0.4933763117883356,1.65504210377245,3.22903074698961
THA,5120.483193077088,916.2314496767624,3514.71662970608,6434.53770518034,124.98150153050683,10.410536926605293,97.6624419371158,140.437011540931,25.073225196194738,2.623873488338048,20.6363983767118,30.4207508630674,99.10215718806272,4.193534799791756,89.2488479614258,104.941299438477,0.613205631933816,0.30760613527577474,0.0111485454856964,1.13127017975852
TJK,834.1957936152805,259.22101234876544,429.537300984643,1325.75545290849,94.26041840709038,39.54326223679604,49.9378160689555,175.351206134214,25.172225484584086,10.588178784443897,9.13672029235099,44.6894530560362,96.42220471559185,3.004511150400465,90.3201599121094,100.404687742152,2.1510646817574037,0.30812837336052046,1.22252956506886,2.55779351442662
TKM,2724.750628287898,533.1226530983898,2256.40240323977,3647.67813083756,73.41662522928041,20.9249787630444,52.4473010022922,104.95217927132,28.18049054064224,8.407855552153743,18.6,46.6,,,,,1.935717948930782,0.05569122561678412,1.85993465591178,2.00333203545625
TLS,1249.9992753829322,290.4809454744668,897.573763670928,2015.82039246197,109.1481690885004,38.6706448900033,58.6347507796182,180.403744337855,31.845723655747634,15.372492235385787,10.6054855889013,70.3349318094574,125.43173088969554,9.214421310357883,110.606703667428,151.196975708008,2.1520978395051698,3.4724469601507226,-11.356645253535,8.63046111911907
TON,4092.124817167629,342.28764550503377,3630.76096995072,4647.0077529158,75.63934717466755,7.821902524380065,61.508239295468,88.045385533046,25.169178395461575,4.70326790410547,20.0226658814699,36.4235322935616,113.37627296710224,3.2924361989710746,106.535737282679,117.967819213867,0.12581120940658988,0.3979556803413457,-0.539650395978897,0.616444657597358
TUN,3677.8669867441936,416.44979122002263,2864.54703666618,4153.27978615515,95.2064710989814,9.321601407649146,82.390340709916,116.095794384146,22.492366267648332,3.4758540776574858,12.6882289097848,26.1793463195827,106.81507388028236,3.631290068719934,102.377777099609,114.567306518555,0.9879407680991811,0.15728920872747837,0.585173208533683,1.18925109300243
TUR,9559.807674011861,2495.423862841625,5906.92348536699,14273.5747654873,53.49327112393566,8.624691270002582,42.3746746988077,79.8982722314341,28.86720022937293,4.477774120373676,19.6143621979648,38.602139717568,104.93705749511717,3.472309746758181,97.4918975830078,114.724349975586,1.1927197343654803,0.27770058794463914,0.160856263475951,1.51943093763293
TZA,829.6769382642668,170.49701479685373,555.348083496094,1070.58532714844,38.43125364573772,9.24403373463631,23.9891151549808,56.1661241821809,31.86419183113171,7.39032378603322,17.462796824131,41.0677624080732,94.33715281729475,10.100835546193382,69.492431640625,109.176727294922,2.888593838097854,0.24856350804036773,2.46693695085578,3.40729531415315
UGA,757.1806613616322,144.221699000584,509.19755319016,933.094056370423,39.336292034775425,5.527106217432291,31.2093620232119,56.2582682050634,23.930865733332958,3.0282900947284817,19.3020594186146,31.9739798099079,120.48233166862937,10.067002081992143,104.249229431152,136.626251220703,3.0876561551561537,0.18648964791928022,2.86955163863091,3.49059590870242
UKR,2165.431205417801,313.02107601953395,1409.22265625,2567.69409179688,97.0403246613806,9.104535268400825,79.1564523761815,115.735714934593,19.087166847162514,4.583445417850266,8.93229932738453,27.781165374794,99.21268611418327,10.243428552538058,87.4091952779085,127.055168151855,-0.8556132169123665,1.490709102170941,-7.61932022603164,-0.180396113217713
URY,14483.223573264719,3014.383972672828,9806.7713064359,18249.2912168828,51.64024596755253,7.823739816031454,36.3095126435057,65.2080950071821,18.086153236789887,2.9652642846232697,13.0729059521491,23.2080945884283,109.07979348812934,2.0913887368772723,104.354154032747,111.688217163086,0.1791721224713135,0.13677230681245617,-0.170369337727093,0.373944815859448
USA,54972.12667626419,4474.976708678221,48597.4246124122,64322.2332819139,26.63163978023817,2.586607725111044,22.2863842136065,30.842478575914,21.337315687730058,1.475173953384571,17.768753245858,23.6783666531655,100.20981181751603,1.5288272710640523,96.9717330932617,101.8740234375,0.7816295057678025,0.214843387320792,0.157323851413364,1.11276899679534
UZB,2590.4424850228456,900.1375482934802,1397.01202350998,4109.08421031655,54.34849318029296,15.985164558137557,25.6926479568511,79.7479920348578,27.621417068505444,5.125788025334196,19.6000122865217,37.5511039982581,97.01381844875006,1.2578429562576998,93.9099780290139,99.1522369384766,1.5474305364921175,0.24822555654087733,1.21591389648504,2.00999064709715
VEN,2913.8646076743107,1388.0963839168787,1255.86457068119,4642.55149314778,47.07193189514545,14.41806759905835,26.0905679013051,64.0956340956341,13.224882883490894,9.04905427203352,4.27688895929035,31.7622950819672,100.55998338971831,4.403036565410103,95.0507202148438,109.259559631348,-0.3079879586240773,1.5417001490037816,-2.96041293052007,1.25510683013417
VNM,2239.6347314571535,735.9122877982937,1212.19657794381,3617.66311280437,141.41471946177586,21.851089553209157,111.417094419512,186.675832836814,33.2282983777243,2.5771305453476963,29.6099138223826,39.5662708970146,104.43878103513018,3.3651831396214265,100.057693481445,113.529556274414,1.1628832929268704,0.25884534552204086,0.750756665157789,1.82745521345807
VUT,3130.4550466505443,157.31748453871774,2784.99720920365,3349.5593410421,90.78946554122716,11.967006753136918,60.1426638378911,108.489179063187,25.036654830962753,7.620848640665687,16.3587697259307,41.7403070343952,118.59311260336264,4.455417627927941,112.03441619873,125.506535236654,2.3568685044776934,0.11166594598502272,2.16980126854337,2.53915174529987
WSM,4154.179563902936,184.6223158862272,3875.94291686166,4466.08075482035,75.82059384421824,7.182612877642618,59.7697795919357,83.3310795816457,31.506833429875808,8.738681583475495,9.01812018037557,40.299132906469,104.8697007979527,1.912902961633623,101.994834813153,107.650732168777,0.8876012416354181,0.10770353450153965,0.690847424147793,1.05329202031498
XKX,3531.463403799616,661.573450649838,2543.5980687089,4666.38918595784,82.80901104146508,9.91196782013535,74.0204422546574,110.012031619226,33.528301356027455,2.636631511129284,27.8460008694681,37.2836774320662,,,,,-0.14544512530505435,0.6218735806939858,-1.36150828171389,0.843388368514639
YEM,1947.049139711858,420.6511300865183,1079.32938366255,2356.19960422096,63.40202858960127,15.980347021486432,30.3676590844637,82.0761626564135,12.160593985707608,6.83940604429205,1.42925784388708,20.7266658273967,76.98986261541194,4.038180127949651,68.9851608276367,82.0730895996094,3.067771272323307,0.09854275265572075,2.93369063852526,3.25064888639941
ZAF,5715.9845660046,478.87808618241047,4700.87555500704,6170.87670863373,53.89070860357614,5.453392223180249,45.6435752240041,65.9745237996233,16.944736629808283,2.1667806648477397,12.3455441478462,21.2872491181391,100.80297770062994,3.7104937770315236,92.5673980712891,107.31211891045,1.255763897335312,0.34704758963387683,0.653837462693277,2.00988840160514
ZMB,1273.6767437324377,42.45146538467529,1183.41712409199,1321.25045711573,75.116582863499,5.301210761392326,67.9009190299719,86.2085111934645,34.81637266091188,4.726224051004544,26.980508150543,42.8051164515408,105.95371692187827,5.025706237841675,98.7950035279193,111.618507192772,3.0874813710517137,0.1995370464101124,2.76365042984169,3.46192274224024
ZWE,1278.4219561803445,227.08959020061076,803.044944654991,1690.14666163116,64.96193240356558,19.000704966652346,31.8225698755474,109.523540063377,9.329610344104434,4.472618441187025,1.52390049060044,18.7628395343529,100.12770456353131,8.214974523677098,92.7846905815791,116.904830932617,1.3486902238737672,0.29135751617515865,0.669179057812887,1.7726514046574
